--
-- PostgreSQL database dump
--

-- Dumped from database version 14.5
-- Dumped by pg_dump version 14.5

-- Started on 2023-03-16 15:11:27

SET statement_timeout = 0;
SET lock_timeout = 0;
SET idle_in_transaction_session_timeout = 0;
SET client_encoding = 'UTF8';
SET standard_conforming_strings = on;
SELECT pg_catalog.set_config('search_path', '', false);
SET check_function_bodies = false;
SET xmloption = content;
SET client_min_messages = warning;
SET row_security = off;

SET default_tablespace = '';

SET default_table_access_method = heap;

--
-- TOC entry 213 (class 1259 OID 36717)
-- Name: costs; Type: TABLE; Schema: public; Owner: postgres
--

CREATE TABLE public.costs (
    id integer NOT NULL,
    value integer NOT NULL
);


ALTER TABLE public.costs OWNER TO postgres;

--
-- TOC entry 219 (class 1259 OID 36747)
-- Name: costs_id_seq; Type: SEQUENCE; Schema: public; Owner: postgres
--

ALTER TABLE public.costs ALTER COLUMN id ADD GENERATED ALWAYS AS IDENTITY (
    SEQUENCE NAME public.costs_id_seq
    START WITH 1
    INCREMENT BY 1
    NO MINVALUE
    NO MAXVALUE
    CACHE 1
);


--
-- TOC entry 211 (class 1259 OID 36707)
-- Name: days; Type: TABLE; Schema: public; Owner: postgres
--

CREATE TABLE public.days (
    id integer NOT NULL,
    type character varying(150) NOT NULL
);


ALTER TABLE public.days OWNER TO postgres;

--
-- TOC entry 218 (class 1259 OID 36746)
-- Name: days_id_seq; Type: SEQUENCE; Schema: public; Owner: postgres
--

ALTER TABLE public.days ALTER COLUMN id ADD GENERATED ALWAYS AS IDENTITY (
    SEQUENCE NAME public.days_id_seq
    START WITH 1
    INCREMENT BY 1
    NO MINVALUE
    NO MAXVALUE
    CACHE 1
);


--
-- TOC entry 210 (class 1259 OID 36702)
-- Name: durations; Type: TABLE; Schema: public; Owner: postgres
--

CREATE TABLE public.durations (
    id integer NOT NULL,
    duration interval NOT NULL
);


ALTER TABLE public.durations OWNER TO postgres;

--
-- TOC entry 217 (class 1259 OID 36745)
-- Name: durations_id_seq; Type: SEQUENCE; Schema: public; Owner: postgres
--

ALTER TABLE public.durations ALTER COLUMN id ADD GENERATED ALWAYS AS IDENTITY (
    SEQUENCE NAME public.durations_id_seq
    START WITH 1
    INCREMENT BY 1
    NO MINVALUE
    NO MAXVALUE
    CACHE 1
);


--
-- TOC entry 209 (class 1259 OID 36697)
-- Name: films; Type: TABLE; Schema: public; Owner: postgres
--

CREATE TABLE public.films (
    id integer NOT NULL,
    title character varying(150) NOT NULL
);


ALTER TABLE public.films OWNER TO postgres;

--
-- TOC entry 223 (class 1259 OID 36785)
-- Name: films_id_seq; Type: SEQUENCE; Schema: public; Owner: postgres
--

ALTER TABLE public.films ALTER COLUMN id ADD GENERATED ALWAYS AS IDENTITY (
    SEQUENCE NAME public.films_id_seq
    START WITH 1
    INCREMENT BY 1
    NO MINVALUE
    NO MAXVALUE
    CACHE 1
);


--
-- TOC entry 221 (class 1259 OID 36749)
-- Name: sessions; Type: TABLE; Schema: public; Owner: postgres
--

CREATE TABLE public.sessions (
    id integer NOT NULL,
    film_id integer NOT NULL,
    time_id integer NOT NULL,
    cost_id integer NOT NULL
);


ALTER TABLE public.sessions OWNER TO postgres;

--
-- TOC entry 220 (class 1259 OID 36748)
-- Name: sessions_id_seq; Type: SEQUENCE; Schema: public; Owner: postgres
--

ALTER TABLE public.sessions ALTER COLUMN id ADD GENERATED BY DEFAULT AS IDENTITY (
    SEQUENCE NAME public.sessions_id_seq
    START WITH 1
    INCREMENT BY 1
    NO MINVALUE
    NO MAXVALUE
    CACHE 1
);


--
-- TOC entry 212 (class 1259 OID 36712)
-- Name: start_times; Type: TABLE; Schema: public; Owner: postgres
--

CREATE TABLE public.start_times (
    id integer NOT NULL,
    value time without time zone NOT NULL
);


ALTER TABLE public.start_times OWNER TO postgres;

--
-- TOC entry 216 (class 1259 OID 36743)
-- Name: start_times_id_seq; Type: SEQUENCE; Schema: public; Owner: postgres
--

ALTER TABLE public.start_times ALTER COLUMN id ADD GENERATED ALWAYS AS IDENTITY (
    SEQUENCE NAME public.start_times_id_seq
    START WITH 1
    INCREMENT BY 1
    NO MINVALUE
    NO MAXVALUE
    CACHE 1
);


--
-- TOC entry 222 (class 1259 OID 36775)
-- Name: tickets; Type: TABLE; Schema: public; Owner: postgres
--

CREATE TABLE public.tickets (
    id integer NOT NULL,
    session_id integer NOT NULL
);


ALTER TABLE public.tickets OWNER TO postgres;

--
-- TOC entry 224 (class 1259 OID 36786)
-- Name: tickets_id_seq; Type: SEQUENCE; Schema: public; Owner: postgres
--

ALTER TABLE public.tickets ALTER COLUMN id ADD GENERATED BY DEFAULT AS IDENTITY (
    SEQUENCE NAME public.tickets_id_seq
    START WITH 1
    INCREMENT BY 1
    NO MINVALUE
    NO MAXVALUE
    CACHE 1
);


--
-- TOC entry 215 (class 1259 OID 36723)
-- Name: times; Type: TABLE; Schema: public; Owner: postgres
--

CREATE TABLE public.times (
    id integer NOT NULL,
    day_id integer NOT NULL,
    start_time_id integer NOT NULL,
    duration_id integer NOT NULL
);


ALTER TABLE public.times OWNER TO postgres;

--
-- TOC entry 214 (class 1259 OID 36722)
-- Name: times_id_seq; Type: SEQUENCE; Schema: public; Owner: postgres
--

ALTER TABLE public.times ALTER COLUMN id ADD GENERATED BY DEFAULT AS IDENTITY (
    SEQUENCE NAME public.times_id_seq
    START WITH 1
    INCREMENT BY 1
    NO MINVALUE
    NO MAXVALUE
    CACHE 1
);


--
-- TOC entry 3365 (class 0 OID 36717)
-- Dependencies: 213
-- Data for Name: costs; Type: TABLE DATA; Schema: public; Owner: postgres
--

COPY public.costs (id, value) FROM stdin;
1	150
2	200
3	250
4	300
5	350
\.


--
-- TOC entry 3363 (class 0 OID 36707)
-- Dependencies: 211
-- Data for Name: days; Type: TABLE DATA; Schema: public; Owner: postgres
--

COPY public.days (id, type) FROM stdin;
1	weekday
2	holiday
\.


--
-- TOC entry 3362 (class 0 OID 36702)
-- Dependencies: 210
-- Data for Name: durations; Type: TABLE DATA; Schema: public; Owner: postgres
--

COPY public.durations (id, duration) FROM stdin;
1	01:00:00
2	01:30:00
3	02:00:00
\.


--
-- TOC entry 3361 (class 0 OID 36697)
-- Dependencies: 209
-- Data for Name: films; Type: TABLE DATA; Schema: public; Owner: postgres
--

COPY public.films (id, title) FROM stdin;
1	inception
2	batman
3	puss in boots
4	top gun: Maverick
5	vendetta
\.


--
-- TOC entry 3373 (class 0 OID 36749)
-- Dependencies: 221
-- Data for Name: sessions; Type: TABLE DATA; Schema: public; Owner: postgres
--

COPY public.sessions (id, film_id, time_id, cost_id) FROM stdin;
1	3	1	1
2	5	2	2
3	3	3	3
4	4	4	4
5	1	5	5
6	3	6	2
7	5	7	3
8	3	8	4
9	4	9	5
10	2	10	5
11	5	11	5
\.


--
-- TOC entry 3364 (class 0 OID 36712)
-- Dependencies: 212
-- Data for Name: start_times; Type: TABLE DATA; Schema: public; Owner: postgres
--

COPY public.start_times (id, value) FROM stdin;
1	11:15:00
2	12:10:00
3	14:05:00
4	19:00:00
5	21:00:00
6	23:00:00
\.


--
-- TOC entry 3374 (class 0 OID 36775)
-- Dependencies: 222
-- Data for Name: tickets; Type: TABLE DATA; Schema: public; Owner: postgres
--

COPY public.tickets (id, session_id) FROM stdin;
1	1
2	2
3	3
4	4
5	1
6	1
7	4
8	3
9	3
10	3
11	8
12	7
13	7
14	7
15	9
16	5
17	6
18	10
19	11
20	11
24	5
\.


--
-- TOC entry 3367 (class 0 OID 36723)
-- Dependencies: 215
-- Data for Name: times; Type: TABLE DATA; Schema: public; Owner: postgres
--

COPY public.times (id, day_id, start_time_id, duration_id) FROM stdin;
1	1	1	1
3	1	3	3
4	1	4	1
5	1	5	2
6	2	1	1
8	2	3	3
9	2	4	1
11	2	6	3
10	2	5	2
2	1	2	3
7	2	2	3
\.


--
-- TOC entry 3382 (class 0 OID 0)
-- Dependencies: 219
-- Name: costs_id_seq; Type: SEQUENCE SET; Schema: public; Owner: postgres
--

SELECT pg_catalog.setval('public.costs_id_seq', 5, true);


--
-- TOC entry 3383 (class 0 OID 0)
-- Dependencies: 218
-- Name: days_id_seq; Type: SEQUENCE SET; Schema: public; Owner: postgres
--

SELECT pg_catalog.setval('public.days_id_seq', 2, true);


--
-- TOC entry 3384 (class 0 OID 0)
-- Dependencies: 217
-- Name: durations_id_seq; Type: SEQUENCE SET; Schema: public; Owner: postgres
--

SELECT pg_catalog.setval('public.durations_id_seq', 3, true);


--
-- TOC entry 3385 (class 0 OID 0)
-- Dependencies: 223
-- Name: films_id_seq; Type: SEQUENCE SET; Schema: public; Owner: postgres
--

SELECT pg_catalog.setval('public.films_id_seq', 5, true);


--
-- TOC entry 3386 (class 0 OID 0)
-- Dependencies: 220
-- Name: sessions_id_seq; Type: SEQUENCE SET; Schema: public; Owner: postgres
--

SELECT pg_catalog.setval('public.sessions_id_seq', 1, true);


--
-- TOC entry 3387 (class 0 OID 0)
-- Dependencies: 216
-- Name: start_times_id_seq; Type: SEQUENCE SET; Schema: public; Owner: postgres
--

SELECT pg_catalog.setval('public.start_times_id_seq', 6, true);


--
-- TOC entry 3388 (class 0 OID 0)
-- Dependencies: 224
-- Name: tickets_id_seq; Type: SEQUENCE SET; Schema: public; Owner: postgres
--

SELECT pg_catalog.setval('public.tickets_id_seq', 13, true);


--
-- TOC entry 3389 (class 0 OID 0)
-- Dependencies: 214
-- Name: times_id_seq; Type: SEQUENCE SET; Schema: public; Owner: postgres
--

SELECT pg_catalog.setval('public.times_id_seq', 10, true);


--
-- TOC entry 3208 (class 2606 OID 36721)
-- Name: costs costs_pkey; Type: CONSTRAINT; Schema: public; Owner: postgres
--

ALTER TABLE ONLY public.costs
    ADD CONSTRAINT costs_pkey PRIMARY KEY (id);


--
-- TOC entry 3204 (class 2606 OID 36711)
-- Name: days days_pkey; Type: CONSTRAINT; Schema: public; Owner: postgres
--

ALTER TABLE ONLY public.days
    ADD CONSTRAINT days_pkey PRIMARY KEY (id);


--
-- TOC entry 3202 (class 2606 OID 36706)
-- Name: durations durations_pkey; Type: CONSTRAINT; Schema: public; Owner: postgres
--

ALTER TABLE ONLY public.durations
    ADD CONSTRAINT durations_pkey PRIMARY KEY (id);


--
-- TOC entry 3200 (class 2606 OID 36701)
-- Name: films films_pkey; Type: CONSTRAINT; Schema: public; Owner: postgres
--

ALTER TABLE ONLY public.films
    ADD CONSTRAINT films_pkey PRIMARY KEY (id);


--
-- TOC entry 3212 (class 2606 OID 36774)
-- Name: sessions sessions_pkey; Type: CONSTRAINT; Schema: public; Owner: postgres
--

ALTER TABLE ONLY public.sessions
    ADD CONSTRAINT sessions_pkey PRIMARY KEY (id);


--
-- TOC entry 3206 (class 2606 OID 36716)
-- Name: start_times start_times_pkey; Type: CONSTRAINT; Schema: public; Owner: postgres
--

ALTER TABLE ONLY public.start_times
    ADD CONSTRAINT start_times_pkey PRIMARY KEY (id);


--
-- TOC entry 3214 (class 2606 OID 36779)
-- Name: tickets tickets_pkey; Type: CONSTRAINT; Schema: public; Owner: postgres
--

ALTER TABLE ONLY public.tickets
    ADD CONSTRAINT tickets_pkey PRIMARY KEY (id);


--
-- TOC entry 3210 (class 2606 OID 36727)
-- Name: times times_pkey; Type: CONSTRAINT; Schema: public; Owner: postgres
--

ALTER TABLE ONLY public.times
    ADD CONSTRAINT times_pkey PRIMARY KEY (id);


--
-- TOC entry 3220 (class 2606 OID 36762)
-- Name: sessions fk_cost_id; Type: FK CONSTRAINT; Schema: public; Owner: postgres
--

ALTER TABLE ONLY public.sessions
    ADD CONSTRAINT fk_cost_id FOREIGN KEY (cost_id) REFERENCES public.costs(id);


--
-- TOC entry 3215 (class 2606 OID 36728)
-- Name: times fk_day_id; Type: FK CONSTRAINT; Schema: public; Owner: postgres
--

ALTER TABLE ONLY public.times
    ADD CONSTRAINT fk_day_id FOREIGN KEY (day_id) REFERENCES public.days(id);


--
-- TOC entry 3216 (class 2606 OID 36738)
-- Name: times fk_duration_id; Type: FK CONSTRAINT; Schema: public; Owner: postgres
--

ALTER TABLE ONLY public.times
    ADD CONSTRAINT fk_duration_id FOREIGN KEY (duration_id) REFERENCES public.durations(id);


--
-- TOC entry 3218 (class 2606 OID 36752)
-- Name: sessions fk_film_id; Type: FK CONSTRAINT; Schema: public; Owner: postgres
--

ALTER TABLE ONLY public.sessions
    ADD CONSTRAINT fk_film_id FOREIGN KEY (film_id) REFERENCES public.films(id);


--
-- TOC entry 3221 (class 2606 OID 36780)
-- Name: tickets fk_session_id; Type: FK CONSTRAINT; Schema: public; Owner: postgres
--

ALTER TABLE ONLY public.tickets
    ADD CONSTRAINT fk_session_id FOREIGN KEY (session_id) REFERENCES public.sessions(id);


--
-- TOC entry 3217 (class 2606 OID 36733)
-- Name: times fk_start_time_id; Type: FK CONSTRAINT; Schema: public; Owner: postgres
--

ALTER TABLE ONLY public.times
    ADD CONSTRAINT fk_start_time_id FOREIGN KEY (start_time_id) REFERENCES public.start_times(id);


--
-- TOC entry 3219 (class 2606 OID 36757)
-- Name: sessions fk_time_id; Type: FK CONSTRAINT; Schema: public; Owner: postgres
--

ALTER TABLE ONLY public.sessions
    ADD CONSTRAINT fk_time_id FOREIGN KEY (time_id) REFERENCES public.times(id);


-- Completed on 2023-03-16 15:11:28

--
-- PostgreSQL database dump complete
--

